DGREM_Mean,DGREM_sd,SegSites,Grantham_mean_Position,Grantham_sd_Position,Grantham_sk_Position,Grantham_ku_Position
-0.08284444444444443,0.03663231374423966,291,1135092.5917721519,1016860.2161067775,0.6521415980129726,2.7020671921500017
