DGREM_Mean,DGREM_sd,SegSites,Grantham_mean_Position,Grantham_sd_Position,Grantham_sk_Position,Grantham_ku_Position
0.0929108108108108,0.024642000998563677,175,1877617.6815286623,2031334.3089280715,0.46145992405639324,1.6444808501718189
