DGREM_Mean,DGREM_sd,SegSites,Grantham_mean_Position,Grantham_sd_Position,Grantham_sk_Position,Grantham_ku_Position
0.0064,0.006760177512462229,206,54721.383378016086,87244.21333181835,2.133958653984983,8.61978938383122
